{
    "cam_orth_size": 4.918820381164551,
    "cam_position": {
        "x": 5.605620384216309,
        "y": 7.614470958709717,
        "z": -2.3768393993377686
    }
}